﻿{
	"v": "5.5.7",
	"meta": {
		"g": "LottieFiles AE 0.1.20",
		"a": "",
		"k": "",
		"d": "",
		"tc": "none"
	},
	"fr": 29.9700012207031,
	"ip": 0,
	"op": 150.000006109625,
	"w": 1200,
	"h": 1200,
	"nm": "\nDeterminate circular progress indicator",
	"ddd": 0,
	"assets": [],
	"layers": [
		{
			"ddd": 0,
			"ind": 1,
			"ty": 4,
			"nm": "RING FILL",
			"sr": 1,
			"ks": {
				"o": {
					"a": 0,
					"k": 100,
					"ix": 11
				},
				"r": {
					"a": 0,
					"k": 0,
					"ix": 10
				},
				"p": {
					"a": 0,
					"k": [
						600,
						600,
						0
					],
					"ix": 2
				},
				"a": {
					"a": 0,
					"k": [
						2.608,
						42.608,
						0
					],
					"ix": 1
				},
				"s": {
					"a": 0,
					"k": [
						100,
						100,
						100
					],
					"ix": 6
				}
			},
			"ao": 0,
			"shapes": [
				{
					"ty": "gr",
					"it": [
						{
							"d": 1,
							"ty": "el",
							"s": {
								"a": 0,
								"k": [
									861.216,
									861.216
								],
								"ix": 2
							},
							"p": {
								"a": 0,
								"k": [
									0,
									0
								],
								"ix": 3
							},
							"nm": "Ellipse Path 1",
							"mn": "ADBE Vector Shape - Ellipse",
							"hd": false
						},
						{
							"ty": "tm",
							"s": {
								"a": 0,
								"k": 0,
								"ix": 1
							},
							"e": {
								"a": 1,
								"k": [
									{
										"i": {
											"x": [
												0.833
											],
											"y": [
												0.833
											]
										},
										"o": {
											"x": [
												0.167
											],
											"y": [
												0.167
											]
										},
										"t": 0,
										"s": [
											0
										]
									},
									{
										"t": 150.000006109625,
										"s": [
											100
										]
									}
								],
								"ix": 2
							},
							"o": {
								"a": 0,
								"k": 0,
								"ix": 3
							},
							"m": 1,
							"ix": 2,
							"nm": "Trim Paths 1",
							"mn": "ADBE Vector Filter - Trim",
							"hd": false
						},
						{
							"ty": "st",
							"c": {
								"a": 0,
								"k": [
									0.478431372549,
									0.403921568627,
									0.972549019608,
									1
								],
								"ix": 3
							},
							"o": {
								"a": 0,
								"k": 100,
								"ix": 4
							},
							"w": {
								"a": 0,
								"k": 85,
								"ix": 5
							},
							"lc": 1,
							"lj": 1,
							"ml": 4,
							"bm": 0,
							"nm": "{ Color : var(Foreground) }",
							"mn": "ADBE Vector Graphic - Stroke",
							"hd": false
						},
						{
							"ty": "tr",
							"p": {
								"a": 0,
								"k": [
									2.608,
									42.608
								],
								"ix": 2
							},
							"a": {
								"a": 0,
								"k": [
									0,
									0
								],
								"ix": 1
							},
							"s": {
								"a": 0,
								"k": [
									100,
									100
								],
								"ix": 3
							},
							"r": {
								"a": 0,
								"k": 0,
								"ix": 6
							},
							"o": {
								"a": 0,
								"k": 100,
								"ix": 7
							},
							"sk": {
								"a": 0,
								"k": 0,
								"ix": 4
							},
							"sa": {
								"a": 0,
								"k": 0,
								"ix": 5
							},
							"nm": "Transform"
						}
					],
					"nm": "Ellipse 1",
					"np": 4,
					"cix": 2,
					"bm": 0,
					"ix": 1,
					"mn": "ADBE Vector Group",
					"hd": false
				}
			],
			"ip": 0,
			"op": 180.00000733155,
			"st": 0,
			"bm": 0
		}
	],
	"markers": []
}